-- phpMyAdmin SQL Dump
-- version 4.5.4.1deb2ubuntu2
-- http://www.phpmyadmin.net
--
-- Хост: localhost
-- Время создания: Авг 04 2017 г., 22:50
-- Версия сервера: 5.7.19-0ubuntu0.16.04.1
-- Версия PHP: 7.0.18-0ubuntu0.16.04.1

SET SQL_MODE = "NO_AUTO_VALUE_ON_ZERO";
SET time_zone = "+00:00";


/*!40101 SET @OLD_CHARACTER_SET_CLIENT=@@CHARACTER_SET_CLIENT */;
/*!40101 SET @OLD_CHARACTER_SET_RESULTS=@@CHARACTER_SET_RESULTS */;
/*!40101 SET @OLD_COLLATION_CONNECTION=@@COLLATION_CONNECTION */;
/*!40101 SET NAMES utf8mb4 */;

--
-- База данных: `clients`
--

-- --------------------------------------------------------

--
-- Структура таблицы `cities`
--

CREATE TABLE `cities` (
  `id` int(11) NOT NULL,
  `title` varchar(100) DEFAULT NULL,
  `region` varchar(100) DEFAULT NULL,
  `city_code` varchar(10) DEFAULT NULL,
  `people` int(11) DEFAULT NULL
) ENGINE=InnoDB DEFAULT CHARSET=utf8;

--
-- Дамп данных таблицы `cities`
--

INSERT INTO `cities` (`id`, `title`, `region`, `city_code`, `people`) VALUES
(1, 'Никополь', 'Днепропетровская', '05662', 120000),
(2, 'Покров', 'Днепропетровская', '05663', 40000),
(3, 'Днепр', 'Днепропетровская', '0566', 700000),
(4, 'Киев', 'Киевская', '044', 4000000);

-- --------------------------------------------------------

--
-- Структура таблицы `clients`
--

CREATE TABLE `clients` (
  `id` int(11) NOT NULL,
  `lname` varchar(100) DEFAULT NULL,
  `fname` varchar(100) DEFAULT NULL,
  `mname` varchar(100) DEFAULT NULL,
  `phone` varchar(10) DEFAULT NULL,
  `state_id` int(11) DEFAULT NULL,
  `city_id` int(11) DEFAULT NULL
) ENGINE=InnoDB DEFAULT CHARSET=utf8;

--
-- Дамп данных таблицы `clients`
--

INSERT INTO `clients` (`id`, `lname`, `fname`, `mname`, `phone`, `state_id`, `city_id`) VALUES
(1, 'Иванов', 'Иван', 'Иванович', '4444441', 1, 1),
(2, 'Петров', 'Петр', 'Петрович', '4444442', 2, 2),
(3, 'Сидоров', 'Сидор', 'Сидорович', '4444443', 1, 3),
(4, 'Иваненко', 'Иван', 'Иванович', '4444444', 2, 4),
(5, 'Петренко', 'Петр', 'Петрович', '4444445', 1, 1),
(6, 'Сидоренко', 'Сидор', 'Сидорович', '4444446', 2, 2),
(7, 'Джигирей', 'Константин', 'Константинович', '4444447', 1, 3),
(8, 'Коваленко', 'Сергей', 'Сергеевич', '4444448', 2, 4),
(9, 'Иванова', 'Катерина', 'Олеговна', '4444449', 1, 1),
(10, 'Петрова', 'Наталья', 'Владимировна', '4444400', 2, 2),
(11, 'Перова', 'Анастасия', 'Ивановна', '4444411', 1, 3),
(12, 'Сидорова', 'Оксана', 'Петровна', '4444412', 2, 4);

-- --------------------------------------------------------

--
-- Структура таблицы `invoices`
--

CREATE TABLE `invoices` (
  `id` int(11) NOT NULL,
  `client_id` int(11) DEFAULT NULL,
  `amount` decimal(10,2) DEFAULT NULL
) ENGINE=InnoDB DEFAULT CHARSET=utf8;

--
-- Дамп данных таблицы `invoices`
--

INSERT INTO `invoices` (`id`, `client_id`, `amount`) VALUES
(1, 1, '174.00'),
(2, 2, '733.00'),
(3, 3, '828.00'),
(4, 4, '280.00'),
(5, 5, '450.00'),
(6, 6, '652.00'),
(7, 7, '202.00'),
(8, 8, '853.00'),
(9, 9, '87.00'),
(10, 10, '244.00'),
(11, 11, '418.00'),
(12, 12, '420.00'),
(13, 1, '87.00'),
(14, 2, '662.00'),
(15, 3, '345.00'),
(16, 4, '610.00'),
(17, 5, '911.00'),
(18, 6, '891.00'),
(19, 7, '224.00'),
(20, 8, '416.00'),
(21, 9, '173.00'),
(22, 10, '645.00'),
(23, 11, '126.00'),
(24, 12, '840.00'),
(25, 1, '454.00'),
(26, 2, '616.00'),
(27, 3, '249.00'),
(28, 4, '616.00'),
(29, 5, '730.00'),
(30, 6, '607.00'),
(31, 7, '960.00'),
(32, 8, '282.00'),
(33, 9, '78.00'),
(34, 10, '135.00'),
(35, 11, '497.00'),
(36, 12, '750.00'),
(37, 1, '516.00'),
(38, 2, '515.00'),
(39, 3, '596.00'),
(40, 4, '150.00'),
(41, 5, '464.00'),
(42, 6, '556.00'),
(43, 7, '217.00'),
(44, 8, '43.00'),
(45, 9, '454.00'),
(46, 10, '620.00'),
(47, 11, '235.00'),
(48, 12, '78.00'),
(49, 1, '254.00'),
(50, 2, '35.00'),
(51, 3, '349.00'),
(52, 4, '168.00'),
(53, 5, '74.00'),
(54, 6, '717.00'),
(55, 7, '130.00'),
(56, 8, '489.00'),
(57, 9, '870.00'),
(58, 10, '786.00'),
(59, 11, '473.00'),
(60, 12, '262.00'),
(61, 1, '560.00'),
(62, 2, '793.00'),
(63, 3, '841.00'),
(64, 4, '832.00'),
(65, 5, '29.00'),
(66, 6, '766.00'),
(67, 7, '156.00'),
(68, 8, '637.00'),
(69, 9, '577.00'),
(70, 10, '607.00'),
(71, 11, '741.00'),
(72, 12, '930.00'),
(73, 1, '878.00'),
(74, 2, '472.00'),
(75, 3, '956.00'),
(76, 4, '856.00'),
(77, 5, '359.00'),
(78, 6, '814.00'),
(79, 7, '690.00'),
(80, 8, '820.00'),
(81, 9, '702.00'),
(82, 10, '665.00'),
(83, 11, '429.00'),
(84, 12, '585.00'),
(85, 1, '165.00'),
(86, 2, '42.00'),
(87, 3, '599.00'),
(88, 4, '781.00'),
(89, 5, '445.00'),
(90, 6, '464.00'),
(91, 7, '927.00'),
(92, 8, '501.00'),
(93, 9, '483.00'),
(94, 10, '737.00'),
(95, 11, '418.00'),
(96, 12, '899.00'),
(97, 1, '909.00'),
(98, 2, '753.00'),
(99, 3, '278.00'),
(100, 4, '505.00'),
(101, 5, '441.00'),
(102, 6, '903.00'),
(103, 7, '629.00'),
(104, 8, '242.00'),
(105, 9, '163.00'),
(106, 10, '945.00'),
(107, 11, '285.00'),
(108, 12, '231.00'),
(109, 1, '356.00'),
(110, 2, '586.00'),
(111, 3, '128.00'),
(112, 4, '547.00'),
(113, 5, '237.00'),
(114, 6, '715.00'),
(115, 7, '443.00'),
(116, 8, '564.00'),
(117, 9, '618.00'),
(118, 10, '299.00'),
(119, 11, '931.00'),
(120, 12, '55.00'),
(121, 1, '758.00'),
(122, 2, '996.00'),
(123, 3, '391.00'),
(124, 4, '307.00'),
(125, 5, '978.00'),
(126, 6, '549.00'),
(127, 7, '639.00'),
(128, 8, '322.00'),
(129, 9, '902.00'),
(130, 10, '758.00'),
(131, 11, '666.00'),
(132, 12, '272.00'),
(133, 1, '135.00'),
(134, 2, '584.00'),
(135, 3, '989.00'),
(136, 4, '761.00'),
(137, 5, '963.00'),
(138, 6, '26.00'),
(139, 7, '541.00'),
(140, 8, '989.00'),
(141, 9, '843.00'),
(142, 10, '718.00'),
(143, 11, '1001.00'),
(144, 12, '696.00'),
(145, 1, '114.00'),
(146, 2, '1007.00'),
(147, 3, '961.00'),
(148, 4, '746.00'),
(149, 5, '771.00'),
(150, 6, '753.00'),
(151, 7, '535.00'),
(152, 8, '718.00'),
(153, 9, '964.00'),
(154, 10, '456.00'),
(155, 11, '498.00'),
(156, 12, '908.00'),
(157, 1, '686.00'),
(158, 2, '58.00'),
(159, 3, '665.00'),
(160, 4, '899.00'),
(161, 1, '786.00'),
(162, 2, '718.00'),
(163, 3, '744.00'),
(164, 4, '187.00'),
(165, 5, '133.00'),
(166, 6, '740.00'),
(167, 7, '927.00'),
(168, 8, '610.00'),
(169, 9, '343.00'),
(170, 10, '588.00'),
(171, 11, '576.00'),
(172, 12, '463.00'),
(173, 1, '208.00'),
(174, 2, '264.00'),
(175, 3, '958.00'),
(176, 4, '888.00'),
(177, 5, '601.00'),
(178, 6, '563.00'),
(179, 7, '632.00'),
(180, 8, '123.00'),
(181, 9, '576.00'),
(182, 10, '527.00'),
(183, 11, '602.00'),
(184, 12, '449.00'),
(185, 1, '740.00'),
(186, 2, '113.00'),
(187, 3, '539.00'),
(188, 4, '806.00'),
(189, 5, '288.00'),
(190, 6, '284.00'),
(191, 7, '90.00'),
(192, 8, '52.00'),
(193, 9, '608.00'),
(194, 10, '1005.00'),
(195, 11, '789.00'),
(196, 12, '785.00'),
(197, 1, '362.00'),
(198, 2, '583.00'),
(199, 3, '638.00'),
(200, 4, '643.00'),
(201, 5, '962.00'),
(202, 6, '439.00'),
(203, 7, '147.00'),
(204, 8, '584.00'),
(205, 9, '195.00'),
(206, 10, '603.00'),
(207, 11, '290.00'),
(208, 12, '862.00'),
(209, 1, '381.00'),
(210, 2, '453.00'),
(211, 3, '855.00'),
(212, 4, '322.00'),
(213, 5, '780.00'),
(214, 6, '826.00'),
(215, 7, '845.00'),
(216, 8, '222.00'),
(217, 9, '994.00'),
(218, 10, '213.00'),
(219, 11, '60.00'),
(220, 12, '19.00'),
(221, 1, '968.00'),
(222, 2, '129.00'),
(223, 3, '905.00'),
(224, 4, '374.00'),
(225, 5, '25.00'),
(226, 6, '188.00'),
(227, 7, '801.00');

-- --------------------------------------------------------

--
-- Структура таблицы `states`
--

CREATE TABLE `states` (
  `id` int(11) NOT NULL,
  `title` varchar(100) DEFAULT NULL
) ENGINE=InnoDB DEFAULT CHARSET=utf8;

--
-- Дамп данных таблицы `states`
--

INSERT INTO `states` (`id`, `title`) VALUES
(1, 'Активен'),
(2, 'Сохранен');

--
-- Индексы сохранённых таблиц
--

--
-- Индексы таблицы `cities`
--
ALTER TABLE `cities`
  ADD PRIMARY KEY (`id`);

--
-- Индексы таблицы `clients`
--
ALTER TABLE `clients`
  ADD PRIMARY KEY (`id`);

--
-- Индексы таблицы `invoices`
--
ALTER TABLE `invoices`
  ADD PRIMARY KEY (`id`);

--
-- Индексы таблицы `states`
--
ALTER TABLE `states`
  ADD PRIMARY KEY (`id`);

--
-- AUTO_INCREMENT для сохранённых таблиц
--

--
-- AUTO_INCREMENT для таблицы `cities`
--
ALTER TABLE `cities`
  MODIFY `id` int(11) NOT NULL AUTO_INCREMENT, AUTO_INCREMENT=5;
--
-- AUTO_INCREMENT для таблицы `clients`
--
ALTER TABLE `clients`
  MODIFY `id` int(11) NOT NULL AUTO_INCREMENT, AUTO_INCREMENT=13;
--
-- AUTO_INCREMENT для таблицы `invoices`
--
ALTER TABLE `invoices`
  MODIFY `id` int(11) NOT NULL AUTO_INCREMENT, AUTO_INCREMENT=228;
--
-- AUTO_INCREMENT для таблицы `states`
--
ALTER TABLE `states`
  MODIFY `id` int(11) NOT NULL AUTO_INCREMENT, AUTO_INCREMENT=3;
/*!40101 SET CHARACTER_SET_CLIENT=@OLD_CHARACTER_SET_CLIENT */;
/*!40101 SET CHARACTER_SET_RESULTS=@OLD_CHARACTER_SET_RESULTS */;
/*!40101 SET COLLATION_CONNECTION=@OLD_COLLATION_CONNECTION */;
